(nil), 0x560cebd4a510 [|] 	4
0x560cebd4a510, 0x560cebd4a4b0 [{] 	4
0x560cebd4a4b0, 0x560cebd49a80 [=] 	4
0x560cebd49a80, 0x560cebd49a20 [I] 	4
0x560cebd49a80, 0x560cebd49930 [d] 	4
0x560cebd4a4b0, 0x560cebd49cd0 [=] 	5
0x560cebd49cd0, 0x560cebd49c70 [I] 	5
0x560cebd49cd0, 0x560cebd49b50 [d] 	5
0x560cebd4a4b0, 0x560cebd49f20 [=] 	7
0x560cebd49f20, 0x560cebd49e10 [] 	7
0x560cebd49f20, 0x560cebd49e70 [d] 	7
0x560cebd4a4b0, 0x560cebd4a0e0 [=] 	8
0x560cebd4a0e0, 0x560cebd49fd0 [] 	8
0x560cebd4a0e0, 0x560cebd4a030 [d] 	8
0x560cebd4a4b0, 0x560cebd4a2c0 [=] 	9
0x560cebd4a2c0, 0x560cebd4a190 [] 	9
0x560cebd4a2c0, 0x560cebd4a210 [] 	9
0x560cebd4a4b0, 0x560cebd4a450 [R] 	10
0x560cebd4a450, 0x560cebd4a3d0 [] 	10
